-- Insert data into the user table
INSERT INTO "user" ("id", "first_name", "last_name", "phone_number") VALUES
('11111111-1111-1111-1111-111111111111', 'John', 'Doe', '1234567890'),
('22222222-2222-2222-2222-222222222222', 'Jane', 'Smith', '0987654321'),
('33333333-3333-3333-3333-333333333333', 'Alice', 'Johnson', '5555555555'),
('44444444-4444-4444-4444-444444444444', 'Bob', 'Brown', '6666666666'),
('55555555-5555-5555-5555-555555555555', 'Charlie', 'Davis', '7777777777');

-- Insert data into the account table
INSERT INTO "account" ("user_id", "email", "password") VALUES
('11111111-1111-1111-1111-111111111111', 'john.doe@example.com', 'password123'),
('22222222-2222-2222-2222-222222222222', 'jane.smith@example.com', 'password123'),
('33333333-3333-3333-3333-333333333333', 'alice.johnson@example.com', 'password123'),
('44444444-4444-4444-4444-444444444444', 'bob.brown@example.com', 'password123'),
('55555555-5555-5555-5555-555555555555', 'charlie.davis@example.com', 'password123');

-- Insert data into the student table
INSERT INTO "student" ("user_id") VALUES
('11111111-1111-1111-1111-111111111111'),
('22222222-2222-2222-2222-222222222222'),
('33333333-3333-3333-3333-333333333333'),
('44444444-4444-4444-4444-444444444444'),
('55555555-5555-5555-5555-555555555555');

-- Insert data into the teacher table
INSERT INTO "teacher" ("user_id") VALUES
('11111111-1111-1111-1111-111111111111'),
('22222222-2222-2222-2222-222222222222'),
('33333333-3333-3333-3333-333333333333'),
('44444444-4444-4444-4444-444444444444'),
('55555555-5555-5555-5555-555555555555');

-- Insert data into the admin table
INSERT INTO "admin" ("user_id") VALUES
('11111111-1111-1111-1111-111111111111'),
('22222222-2222-2222-2222-222222222222'),
('33333333-3333-3333-3333-333333333333'),
('44444444-4444-4444-4444-444444444444'),
('55555555-5555-5555-5555-555555555555');

-- Insert data into the exam table
INSERT INTO "exam" ("id", "teacher_id", "title", "description", "attempt_limit", "passcode", "start_time", "end_time", "time_limit") VALUES
('11111111-1111-1111-1111-111111111111', '11111111-1111-1111-1111-111111111111', 'Math Exam', 'Math exam description', 3, '1234', '2025-03-01 09:00:00', '2025-03-01 11:00:00', 120),
('22222222-2222-2222-2222-222222222222', '22222222-2222-2222-2222-222222222222', 'Science Exam', 'Science exam description', 2, '5678', '2025-03-02 10:00:00', '2025-03-02 12:00:00', 120),
('33333333-3333-3333-3333-333333333333', '33333333-3333-3333-3333-333333333333', 'History Exam', 'History exam description', 1, '9101', '2025-03-03 13:00:00', '2025-03-03 15:00:00', 120),
('44444444-4444-4444-4444-444444444444', '44444444-4444-4444-4444-444444444444', 'Geography Exam', 'Geography exam description', 3, '1121', '2025-03-04 14:00:00', '2025-03-04 16:00:00', 120),
('55555555-5555-5555-5555-555555555555', '55555555-5555-5555-5555-555555555555', 'English Exam', 'English exam description', 2, '3141', '2025-03-05 15:00:00', '2025-03-05 17:00:00', 120);

-- Insert data into the question table
INSERT INTO "question" ("id", "type", "content", "media_url", "options", "answer") VALUES
('11111111-1111-1111-1111-111111111111', 'MULTIPLE_CHOICE', 'What is 2+2?', '{}', '{"2", "3", "4", "5"}', '4'),
('22222222-2222-2222-2222-222222222222', 'SHORT_ANSWER', 'Explain the theory of relativity.', '{}', '{}', 'Theory of relativity explanation'),
('33333333-3333-3333-3333-333333333333', 'MULTIPLE_CHOICE', 'What is the capital of France?', '{}', '{"Berlin", "Madrid", "Paris", "Rome"}', 'Paris'),
('44444444-4444-4444-4444-444444444444', 'SHORT_ANSWER', 'Describe the water cycle.', '{}', '{}', 'Water cycle description'),
('55555555-5555-5555-5555-555555555555', 'MULTIPLE_CHOICE', 'What is the largest planet in our solar system?', '{}', '{"Earth", "Mars", "Jupiter", "Saturn"}', 'Jupiter');

-- Insert data into the notification table
INSERT INTO "notification" ("id", "sender_id", "receiver_id", "title", "content", "created_at", "seen") VALUES
('11111111-1111-1111-1111-111111111111', '11111111-1111-1111-1111-111111111111', '22222222-2222-2222-2222-222222222222', 'Exam Reminder', 'Dont forget about the exam tomorrow!', '2025-02-28 08:00:00', false),
('22222222-2222-2222-2222-222222222222', '22222222-2222-2222-2222-222222222222', '33333333-3333-3333-3333-333333333333', 'Exam Reminder', 'Dont forget about the exam tomorrow!', '2025-02-28 08:00:00', false),
('33333333-3333-3333-3333-333333333333', '33333333-3333-3333-3333-333333333333', '44444444-4444-4444-4444-444444444444', 'Exam Reminder', 'Dont forget about the exam tomorrow!', '2025-02-28 08:00:00', false),
('44444444-4444-4444-4444-444444444444', '44444444-4444-4444-4444-444444444444', '55555555-5555-5555-5555-555555555555', 'Exam Reminder', 'Dont forget about the exam tomorrow!', '2025-02-28 08:00:00', false),
('55555555-5555-5555-5555-555555555555', '55555555-5555-5555-5555-555555555555', '11111111-1111-1111-1111-111111111111', 'Exam Reminder', 'Dont forget about the exam tomorrow!', '2025-02-28 08:00:00', false);

-- Insert data into the exam_question table
INSERT INTO "exam_question" ("exam_id", "question_id", "number", "score", "auto_score") VALUES
('11111111-1111-1111-1111-111111111111', '11111111-1111-1111-1111-111111111111', 1, 10, true),
('22222222-2222-2222-2222-222222222222', '22222222-2222-2222-2222-222222222222', 1, 20, false),
('33333333-3333-3333-3333-333333333333', '33333333-3333-3333-3333-333333333333', 1, 15, true),
('44444444-4444-4444-4444-444444444444', '44444444-4444-4444-4444-444444444444', 1, 25, false),
('55555555-5555-5555-5555-555555555555', '55555555-5555-5555-5555-555555555555', 1, 30, true);

-- Insert data into the exam_student table
INSERT INTO "exam_student" ("attempt_id", "exam_id", "student_id", "total_score", "feedback", "start_time", "end_time") VALUES
(1, '11111111-1111-1111-1111-111111111111', '11111111-1111-1111-1111-111111111111', 85, 'Good job!', '2025-03-01 09:00:00', '2025-03-01 11:00:00'),
(2, '22222222-2222-2222-2222-222222222222', '22222222-2222-2222-2222-222222222222', 90, 'Excellent!', '2025-03-02 10:00:00', '2025-03-02 12:00:00'),
(3, '33333333-3333-3333-3333-333333333333', '33333333-3333-3333-3333-333333333333', 75, 'Needs improvement.', '2025-03-03 13:00:00', '2025-03-03 15:00:00'),
(4, '44444444-4444-4444-4444-444444444444', '44444444-4444-4444-4444-444444444444', 80, 'Well done!', '2025-03-04 14:00:00', '2025-03-04 16:00:00'),
(5, '55555555-5555-5555-5555-555555555555', '55555555-5555-5555-5555-555555555555', 95, 'Outstanding!', '2025-03-05 15:00:00', '2025-03-05 17:00:00');

-- Insert data into the exam_student_answer table
INSERT INTO "exam_student_answer" ("attempt_id", "exam_id", "student_id", "question_id", "answer", "score") VALUES
(1, '11111111-1111-1111-1111-111111111111', '11111111-1111-1111-1111-111111111111', '11111111-1111-1111-1111-111111111111', '4', 10),
(2, '22222222-2222-2222-2222-222222222222', '22222222-2222-2222-2222-222222222222', '22222222-2222-2222-2222-222222222222', 'Theory of relativity explanation', 20),
(3, '33333333-3333-3333-3333-333333333333', '33333333-3333-3333-3333-333333333333', '33333333-3333-3333-3333-333333333333', 'Paris', 15),
(4, '44444444-4444-4444-4444-444444444444', '44444444-4444-4444-4444-444444444444', '44444444-4444-4444-4444-444444444444', 'Water cycle description', 25),
(5, '55555555-5555-5555-5555-555555555555', '55555555-5555-5555-5555-555555555555', '55555555-5555-5555-5555-555555555555', 'Jupiter', 30);

-- Insert data into the otp table
INSERT INTO "otp" ("id", "user_id", "otp", "created_at", "expired_at") VALUES
('11111111-1111-1111-1111-111111111111', '11111111-1111-1111-1111-111111111111', '123456', '2025-03-01 08:00:00', '2025-03-01 09:00:00'),
('22222222-2222-2222-2222-222222222222', '22222222-2222-2222-2222-222222222222', '654321', '2025-03-02 08:00:00', '2025-03-02 09:00:00'),
('33333333-3333-3333-3333-333333333333', '33333333-3333-3333-3333-333333333333', '111111', '2025-03-03 08:00:00', '2025-03-03 09:00:00'),
('44444444-4444-4444-4444-444444444444', '44444444-4444-4444-4444-444444444444', '222222', '2025-03-04 08:00:00', '2025-03-04 09:00:00'),
('55555555-5555-5555-5555-555555555555', '55555555-5555-5555-5555-555555555555', '333333', '2025-03-05 08:00:00', '2025-03-05 09:00:00');